   1954.29,   3014.12,   3026.80,  -4272.94,  -3203.27,    302.88,   -141.87,   -615.73,   -382.40,    561.41,     95.55,    460.90,    -38.90,      0.00
   2385.29,   3562.42,   3751.01,  -5213.50,  -3870.10,    428.53,   -105.14,   -412.41,   -258.53,    365.03,     49.56,    307.85,    -44.52,      1.00
   1873.76,   2849.43,   3026.38,  -4175.84,  -3118.59,    335.61,   -122.91,   -621.67,   -372.65,    559.18,    130.18,    457.54,    -14.71,      1.00
   2122.71,   3096.35,   3245.33,  -4526.99,  -3355.76,    395.30,   -176.23,   -589.96,   -384.28,    546.78,     25.00,    453.61,    -86.03,      0.00
   1730.11,   2557.24,   2660.78,  -3732.26,  -2749.87,    304.10,   -167.19,   -527.06,   -348.92,    482.18,     13.53,    407.57,    -88.97,      0.00
   1979.47,   2976.35,   3078.30,  -4290.96,  -3198.72,    337.48,   -172.34,   -533.15,   -352.46,    490.72,      8.11,    413.36,    -93.18,      0.00
   2226.25,   3335.75,   3512.15,  -4872.17,  -3633.07,    403.73,   -153.22,   -544.30,   -351.68,    495.88,     42.12,    414.94,    -69.91,      1.00
   2968.02,   4409.85,   4577.18,  -6339.18,  -4786.57,    546.36,   -156.45,   -501.85,   -326.50,    458.09,     12.02,    384.83,    -84.41,      0.00
   2101.08,   3156.86,   3337.39,  -4618.48,  -3445.09,    380.97,   -141.94,   -640.57,   -394.04,    580.09,    113.95,    477.92,    -31.94,      1.00
   1668.28,   2540.70,   2672.22,  -3731.28,  -2785.90,    301.50,   -144.50,   -678.29,   -412.69,    616.49,    119.29,    502.51,    -29.82,      1.00
   1579.95,   2368.86,   2557.03,  -3546.94,  -2601.48,    289.83,   -141.59,   -585.98,   -364.60,    535.15,     83.20,    440.53,    -43.96,      0.00
   2487.94,   3708.54,   3807.79,  -5322.14,  -3975.15,    429.76,   -147.45,   -489.04,   -320.79,    446.04,     22.28,    375.35,    -75.56,      0.00
   2130.16,   3238.82,   3325.02,  -4645.37,  -3505.37,    370.52,   -136.61,   -586.80,   -361.87,    526.50,     89.63,    436.48,    -42.94,      1.00
   2232.42,   3297.97,   3402.14,  -4749.38,  -3544.15,    395.47,   -167.54,   -672.39,   -420.04,    614.12,     90.94,    507.47,    -54.22,      0.00
   1664.17,   2514.27,   2618.52,  -3700.02,  -2721.04,    286.38,   -156.26,   -652.20,   -404.44,    596.41,     97.60,    490.79,    -44.01,      0.00
   1390.94,   2094.27,   2248.03,  -3143.18,  -2276.97,    240.49,   -167.65,   -531.53,   -349.42,    490.75,     13.95,    411.39,    -86.53,      0.00
   1927.33,   2877.53,   2978.48,  -4150.28,  -3096.89,    335.74,   -159.31,   -681.89,   -422.06,    623.20,    103.38,    511.00,    -45.18,      1.00
   1990.97,   2954.71,   3141.82,  -4361.23,  -3227.88,    368.62,   -154.29,   -496.25,   -325.16,    457.37,     16.69,    383.28,    -78.46,      0.00
   2318.52,   3431.51,   3569.13,  -4971.13,  -3711.49,    420.31,   -134.62,   -439.62,   -287.06,    403.12,     18.59,    338.46,    -68.26,      0.00
   2254.90,   3342.21,   3448.37,  -4817.79,  -3588.10,    394.53,   -165.66,   -515.51,   -340.33,    474.03,      9.48,    399.30,    -89.15,      0.00
   1759.19,   2702.24,   2760.64,  -3853.69,  -2878.66,    275.71,   -136.78,   -477.76,   -307.47,    433.24,     27.93,    362.38,    -67.73,      0.00
   2394.70,   3639.62,   3646.08,  -5142.94,  -3870.32,    387.87,   -157.75,   -500.80,   -331.10,    457.14,     14.86,    386.73,    -83.75,      0.00
   2390.93,   3582.03,   3681.49,  -5127.19,  -3845.56,    411.68,   -153.84,   -509.46,   -334.20,    465.87,     22.56,    391.39,    -78.16,      1.00
   1864.61,   2800.22,   2945.17,  -4096.49,  -3035.72,    327.86,   -168.08,   -716.32,   -444.14,    651.94,    115.65,    538.45,    -42.58,      1.00
   1691.25,   2549.73,   2733.02,  -3781.34,  -2796.85,    308.01,   -126.05,   -626.59,   -376.63,    563.35,    128.02,    461.67,    -17.79,      1.00
   1826.62,   2731.89,   2867.73,  -3987.77,  -2966.25,    327.92,   -150.76,   -501.20,   -326.55,    461.91,     22.18,    385.29,    -74.77,      0.00
   2859.01,   4263.00,   4391.74,  -6098.46,  -4600.96,    511.30,   -167.22,   -512.21,   -339.39,    469.84,      5.81,    397.14,    -92.71,      0.00
   1902.36,   2895.94,   2959.81,  -4162.61,  -3074.31,    297.76,   -105.41,   -416.96,   -262.81,    385.14,     45.86,    314.90,    -38.33,      0.00
   2082.87,   3038.49,   3231.79,  -4501.98,  -3316.47,    395.48,   -164.80,   -523.84,   -344.16,    483.44,     14.46,    405.27,    -84.87,      0.00
   1377.53,   2032.31,   2215.72,  -3061.76,  -2252.15,    269.54,   -106.47,   -569.86,   -339.02,    514.96,    125.14,    417.67,     -6.22,      1.00
   2005.01,   3064.26,   3123.28,  -4379.62,  -3256.27,    314.34,   -147.16,   -493.92,   -320.11,    451.54,     30.23,    379.51,    -69.86,      0.00
   1879.17,   2891.54,   3012.03,  -4180.10,  -3165.62,    334.89,   -154.37,   -672.84,   -411.01,    609.06,    110.02,    501.82,    -39.93,      1.00
   2817.68,   4202.29,   4343.88,  -6040.88,  -4530.80,    498.12,   -153.47,   -480.63,   -316.82,    440.65,     10.76,    371.68,    -82.74,      1.00
   1937.20,   2899.54,   3083.72,  -4273.02,  -3169.47,    354.21,   -154.10,   -655.71,   -405.74,    598.85,    100.52,    491.96,    -42.94,      0.00
   1964.36,   2893.04,   3040.78,  -4237.85,  -3137.49,    359.48,   -172.36,   -536.10,   -351.43,    489.37,      5.25,    412.60,    -96.76,      0.00
   1898.30,   2774.02,   2964.96,  -4124.31,  -3036.62,    362.71,   -173.11,   -525.75,   -349.06,    482.36,      3.68,    408.05,    -96.98,      0.00
   1463.77,   2161.55,   2347.21,  -3250.03,  -2387.21,    282.27,   -111.89,   -588.02,   -350.81,    532.70,    125.79,    431.89,     -8.11,      1.00
   2310.51,   3423.01,   3611.28,  -5018.85,  -3725.21,    424.47,   -107.15,   -519.12,   -313.53,    463.94,    100.25,    381.93,    -21.58,      1.00
   2970.55,   4388.31,   4567.74,  -6334.49,  -4761.51,    549.10,   -124.74,   -607.38,   -364.49,    549.77,    117.88,    448.26,    -20.25,      1.00
   2019.15,   3081.43,   3173.75,  -4447.34,  -3331.32,    344.49,   -129.36,   -452.67,   -289.21,    412.59,     26.00,    343.20,    -63.64,      0.00
   1854.55,   2799.42,   2980.23,  -4139.12,  -3057.02,    331.80,   -112.21,   -574.85,   -346.05,    513.76,    130.45,    423.88,    -11.00,      1.00
   1709.09,   2514.56,   2590.52,  -3658.33,  -2674.02,    287.65,   -169.76,   -701.02,   -433.12,    639.93,     96.62,    525.93,    -52.09,      0.00
   2542.00,   3829.39,   3931.17,  -5498.28,  -4096.90,    424.90,   -159.30,   -505.78,   -331.88,    459.84,     18.59,    390.23,    -84.35,      0.00
   1754.57,   2689.24,   2783.36,  -3906.64,  -2912.58,    297.45,   -150.96,   -493.18,   -322.02,    455.30,     19.96,    380.48,    -74.42,      0.00
   2758.85,   4113.58,   4284.26,  -5937.33,  -4466.85,    503.54,   -165.58,   -507.34,   -338.13,    461.28,      6.85,    392.83,    -93.49,      1.00
   1906.94,   2876.97,   3014.70,  -4177.39,  -3122.85,    336.51,   -158.57,   -691.35,   -427.73,    629.13,    113.67,    517.95,    -39.52,      1.00
   1442.23,   2176.26,   2317.44,  -3212.58,  -2375.75,    257.23,   -118.53,   -407.23,   -262.97,    373.94,     26.47,    312.02,    -54.97,      0.00
   2036.84,   2998.43,   3189.96,  -4438.82,  -3272.62,    380.42,   -121.00,   -602.60,   -365.07,    549.69,    123.80,    447.02,    -12.37,      1.00
   3509.11,   5278.23,   5351.60,  -7463.53,  -5679.72,    615.71,   -154.18,   -493.89,   -325.65,    447.96,     19.04,    380.62,    -81.47,      0.00
   1625.28,   2493.55,   2582.96,  -3617.01,  -2709.54,    279.99,   -145.38,   -491.62,   -321.67,    447.44,     24.65,    375.86,    -74.96,      0.00
   1666.38,   2483.65,   2578.71,  -3598.70,  -2677.66,    293.35,   -164.43,   -509.40,   -336.39,    464.84,     10.74,    394.18,    -90.19,      0.00
   1427.73,   2193.52,   2373.12,  -3270.08,  -2418.08,    255.03,   -134.76,   -601.65,   -368.56,    549.48,    104.83,    450.12,    -28.82,      0.00
   2434.71,   3582.59,   3760.62,  -5205.90,  -3907.42,    461.16,   -151.01,   -477.46,   -315.79,    431.25,     16.03,    368.04,    -82.43,      1.00
   1856.99,   2744.73,   2854.16,  -3996.21,  -2950.47,    325.65,   -184.24,   -550.20,   -368.75,    500.90,      0.13,    427.38,   -107.02,      0.00
   2097.36,   3139.94,   3321.34,  -4598.36,  -3427.46,    383.08,   -137.52,   -630.53,   -381.77,    572.36,    112.17,    468.41,    -28.21,      1.00
   2216.66,   3294.89,   3475.33,  -4811.86,  -3595.46,    411.00,   -102.51,   -566.64,   -335.26,    509.96,    131.54,    414.21,     -2.04,      1.00
   1959.28,   2901.06,   3050.63,  -4255.02,  -3142.59,    352.52,   -157.11,   -667.36,   -412.84,    607.40,    103.88,    500.57,    -44.22,      1.00
   1419.09,   2096.56,   2279.49,  -3149.59,  -2320.64,    276.29,   -154.13,   -640.45,   -399.44,    580.53,     96.23,    481.34,    -46.45,      1.00
   2291.22,   3410.23,   3551.85,  -4936.44,  -3689.87,    410.76,   -147.19,   -491.36,   -322.14,    443.45,     24.29,    375.52,    -78.62,      0.00
   1804.90,   2707.41,   2774.54,  -3894.17,  -2882.28,    295.70,   -120.83,   -431.64,   -275.69,    388.24,     33.39,    326.49,    -56.80,      0.00
   2559.22,   3785.10,   3959.55,  -5493.63,  -4117.39,    475.99,   -133.42,   -623.72,   -377.16,    567.29,    110.83,    462.13,    -27.04,      1.00
   1480.73,   2197.10,   2343.42,  -3279.77,  -2389.81,    266.81,   -151.69,   -515.91,   -334.47,    466.96,     22.63,    391.81,    -80.67,      0.00
   1779.98,   2672.54,   2855.28,  -3951.01,  -2928.88,    326.36,   -126.40,   -628.69,   -377.62,    562.50,    130.78,    462.83,    -18.36,      1.00
   2548.37,   3843.57,   3922.80,  -5483.33,  -4149.79,    448.60,   -165.25,   -507.70,   -336.16,    465.67,      6.51,    393.50,    -91.29,      0.00
   1540.80,   2315.67,   2497.86,  -3451.27,  -2550.24,    286.22,   -107.25,   -561.97,   -335.67,    511.50,    126.00,    414.96,     -4.81,      1.00
   2355.06,   3503.06,   3688.52,  -5120.04,  -3811.58,    430.11,   -135.49,   -652.85,   -394.45,    588.38,    126.69,    482.50,    -23.01,      1.00
   1528.16,   2312.82,   2461.58,  -3429.72,  -2512.59,    263.46,   -147.78,   -509.28,   -331.25,    467.99,     30.97,    390.26,    -68.90,      1.00
   1948.84,   2893.61,   3045.61,  -4252.98,  -3131.47,    346.43,   -159.47,   -671.05,   -417.53,    611.86,    102.60,    504.68,    -43.83,      0.00
   2748.77,   4052.40,   4245.07,  -5913.25,  -4392.24,    502.80,   -129.48,   -647.22,   -389.79,    588.35,    126.26,    477.22,    -17.72,      1.00
   1953.31,   2869.43,   3023.67,  -4228.31,  -3106.82,    354.74,   -138.04,   -494.89,   -317.33,    459.88,     37.14,    378.55,    -57.43,      1.00
   2250.71,   3379.12,   3521.01,  -4911.57,  -3646.54,    390.85,   -142.88,   -465.47,   -304.11,    428.16,     18.73,    358.80,    -71.82,      0.00
   2078.88,   3202.54,   3322.92,  -4613.04,  -3494.80,    364.94,   -158.63,   -669.87,   -414.59,    606.55,    105.19,    502.23,    -46.45,      1.00
   2210.29,   3319.36,   3496.15,  -4831.85,  -3621.43,    402.50,    -92.91,   -544.70,   -317.32,    490.56,    136.40,    396.54,      5.77,      1.00
   2036.45,   3085.82,   3259.07,  -4492.60,  -3374.03,    367.97,   -156.00,   -618.95,   -389.14,    557.92,     85.21,    466.81,    -54.06,      1.00
   1630.19,   2414.86,   2595.95,  -3586.91,  -2660.28,    312.51,   -174.58,   -531.60,   -354.47,    481.30,      7.54,    411.68,    -99.52,      1.00
   3039.38,   4521.52,   4661.48,  -6499.32,  -4865.85,    536.44,   -147.14,   -474.14,   -312.53,    432.11,     17.65,    365.40,    -76.87,      0.00
   2138.18,   3203.08,   3382.53,  -4679.43,  -3496.21,    390.84,   -133.36,   -644.38,   -389.39,    582.97,    123.53,    476.38,    -21.97,      1.00
   2603.50,   3849.58,   3988.52,  -5559.22,  -4155.15,    469.78,   -138.78,   -466.53,   -304.45,    424.00,     28.22,    357.99,    -67.46,      0.00
   2075.09,   3077.05,   3184.33,  -4451.82,  -3304.93,    362.23,   -175.01,   -539.77,   -359.62,    490.84,      6.64,    417.15,   -100.01,      0.00
   2257.03,   3349.11,   3537.35,  -4915.47,  -3646.11,    413.65,   -105.86,   -546.22,   -326.16,    491.63,    117.00,    401.26,    -10.15,      1.00
   1720.74,   2554.87,   2733.15,  -3772.01,  -2811.26,    328.56,   -139.56,   -497.88,   -319.03,    454.13,     33.16,    377.61,    -64.88,      0.00
   2201.68,   3273.14,   3448.70,  -4782.73,  -3570.09,    408.02,   -138.49,   -458.15,   -300.84,    415.78,     20.84,    351.19,    -72.71,      0.00
   2737.67,   3990.15,   4139.20,  -5774.74,  -4307.87,    506.70,   -178.35,   -536.67,   -359.08,    488.39,      2.25,    416.47,   -102.75,      0.00
   2289.80,   3478.79,   3578.39,  -5027.72,  -3747.13,    386.74,   -142.21,   -647.36,   -395.33,    585.85,    110.19,    480.48,    -33.75,      1.00
   2755.02,   4088.18,   4187.64,  -5834.44,  -4387.25,    484.60,   -167.03,   -514.06,   -340.24,    471.94,      6.91,    398.47,    -91.76,      0.00
   1986.39,   2917.45,   3068.60,  -4284.32,  -3161.01,    363.14,   -176.38,   -532.15,   -355.86,    484.22,      2.96,    412.83,   -101.32,      0.00
   2170.62,   3198.22,   3346.96,  -4667.15,  -3461.06,    394.48,   -152.82,   -478.01,   -317.18,    434.17,     11.45,    369.19,    -84.23,      0.00
   1799.59,   2698.01,   2835.94,  -3947.72,  -2927.55,    319.79,   -112.56,   -385.52,   -251.10,    348.68,     25.96,    294.63,    -55.04,      0.00
   1946.27,   2895.85,   3075.41,  -4270.59,  -3164.92,    360.47,   -156.75,   -487.04,   -323.62,    442.52,     10.04,    376.46,    -87.08,      0.00
   2149.43,   3197.27,   3334.83,  -4643.58,  -3460.77,    386.25,   -145.47,   -466.85,   -308.03,    424.80,     16.70,    359.77,    -76.87,      0.00
   2506.16,   3764.69,   3938.97,  -5443.91,  -4096.64,    453.46,   -146.34,   -476.20,   -313.74,    432.46,     18.01,    365.74,    -78.41,      0.00
   1337.15,   2028.34,   2215.92,  -3087.70,  -2231.04,    238.54,   -136.49,   -698.66,   -421.06,    637.31,    150.81,    517.73,     -7.99,      1.00
   1917.59,   2894.08,   3036.94,  -4219.48,  -3135.91,    334.00,   -141.55,   -652.54,   -397.45,    591.16,    123.57,    486.23,    -27.07,      0.00
   1156.78,   1744.50,   1880.97,  -2612.36,  -1915.26,    210.19,   -168.40,   -530.29,   -349.69,    486.90,     10.63,    409.57,    -91.63,      0.00
   2097.59,   3164.13,   3300.29,  -4590.83,  -3422.28,    365.24,   -168.53,   -514.11,   -342.96,    467.54,      5.79,    398.28,    -95.63,      0.00
   2126.79,   3153.57,   3336.39,  -4623.50,  -3443.73,    396.09,   -155.55,   -655.93,   -403.21,    593.17,     98.41,    490.04,    -46.97,      1.00
   1968.52,   2964.08,   3139.35,  -4330.68,  -3244.85,    361.03,   -135.87,   -631.83,   -384.19,    568.32,    114.32,    467.58,    -30.29,      1.00
   2147.88,   3206.56,   3387.41,  -4708.22,  -3492.77,    390.70,   -151.76,   -680.44,   -418.71,    616.83,    120.57,    508.37,    -33.68,      1.00
   1690.26,   2530.04,   2639.39,  -3695.28,  -2718.86,    287.18,   -153.85,   -494.25,   -323.68,    452.35,     18.70,    381.30,    -79.27,      0.00
   1845.35,   2733.77,   2916.94,  -4039.18,  -2997.34,    348.05,   -182.28,   -545.69,   -365.53,    496.73,      0.83,    423.74,   -105.59,      0.00
   2175.28,   3207.10,   3387.11,  -4688.82,  -3505.31,    412.14,   -181.29,   -543.43,   -363.91,    494.65,      1.19,    421.92,   -104.88,      0.00
   1561.57,   2293.91,   2364.53,  -3331.60,  -2444.81,    266.90,   -170.49,   -518.62,   -346.19,    471.71,      5.08,    401.92,    -97.05,      0.00
   2531.16,   3768.85,   3941.03,  -5461.99,  -4099.64,    465.27,   -156.91,   -490.99,   -325.46,    443.76,     13.91,    378.95,    -86.70,      0.00
   2171.65,   3380.28,   3447.68,  -4791.61,  -3658.67,    364.09,   -128.43,   -425.58,   -278.73,    383.29,     24.17,    326.22,    -66.05,      0.00
   1562.59,   2335.91,   2480.60,  -3448.45,  -2544.05,    280.94,   -134.49,   -638.60,   -387.02,    578.66,    127.15,    474.83,    -21.13,      1.00
   2607.79,   3891.00,   3986.37,  -5544.08,  -4179.36,    456.00,   -150.85,   -634.04,   -392.64,    578.67,     96.95,    476.56,    -42.11,      0.00
   1447.07,   2183.40,   2371.63,  -3288.01,  -2403.03,    263.39,   -156.53,   -658.18,   -404.82,    595.26,     98.05,    491.86,    -47.68,      1.00
   1907.55,   2861.84,   3005.46,  -4177.82,  -3102.73,    336.90,   -145.85,   -638.08,   -394.61,    575.89,    107.36,    476.75,    -38.83,      1.00
   2151.45,   3230.00,   3407.35,  -4709.25,  -3526.10,    392.56,   -130.30,   -647.63,   -387.60,    591.55,    128.32,    478.72,    -14.54,      1.00
   1832.28,   2683.30,   2867.67,  -3974.15,  -2945.79,    354.21,   -132.81,   -614.82,   -374.88,    562.38,    111.83,    458.42,    -24.66,      1.00
   2567.25,   3823.70,   4000.54,  -5555.07,  -4153.28,    467.50,   -138.85,   -632.79,   -386.33,    571.24,    108.29,    469.22,    -33.76,      1.00
   2053.70,   3123.77,   3247.37,  -4516.10,  -3412.28,    370.57,   -138.49,   -478.42,   -308.37,    430.30,     28.13,    362.71,    -70.92,      1.00
   1566.64,   2370.30,   2435.80,  -3417.53,  -2523.74,    251.00,   -184.53,   -678.92,   -434.16,    616.24,     66.10,    515.39,    -78.68,      0.00
   2871.06,   4264.93,   4383.52,  -6111.25,  -4630.97,    532.65,   -127.12,   -628.74,   -378.73,    571.30,    122.89,    464.30,    -17.13,      1.00
   2191.90,   3301.16,   3435.41,  -4775.28,  -3570.13,    383.81,    -91.73,   -524.03,   -309.03,    476.04,    130.56,    384.54,      5.63,      1.00
   1726.03,   2539.10,   2651.75,  -3721.19,  -2729.93,    304.04,   -126.26,   -546.18,   -337.12,    497.60,     86.65,    408.78,    -34.46,      0.00
   1742.81,   2675.93,   2766.88,  -3876.64,  -2901.08,    296.62,   -161.66,   -498.32,   -331.68,    452.94,      8.27,    385.55,    -90.64,      0.00
   1535.09,   2229.24,   2415.82,  -3367.64,  -2455.38,    301.29,   -175.70,   -547.72,   -361.46,    505.34,     10.01,    424.61,    -93.17,      0.00
   2744.49,   4150.76,   4270.91,  -5936.39,  -4507.24,    491.52,   -128.95,   -621.49,   -374.61,    555.88,    125.64,    459.01,    -21.34,      1.00
   2100.18,   3159.42,   3341.14,  -4626.15,  -3446.23,    378.72,   -120.97,   -608.40,   -367.76,    553.03,    128.78,    450.84,    -11.04,      1.00
   2129.67,   3199.69,   3326.97,  -4636.35,  -3493.32,    391.89,   -147.20,   -639.22,   -392.51,    571.26,    105.80,    475.49,    -42.38,      1.00
   3430.40,   5082.03,   5256.02,  -7301.08,  -5496.15,    625.00,   -148.61,   -692.84,   -423.29,    628.54,    132.89,    516.51,    -25.22,      1.00
   1843.58,   2767.18,   2902.97,  -4017.90,  -3009.68,    331.84,   -135.06,   -468.05,   -299.73,    427.19,     24.99,    355.44,    -66.96,      0.00
   1799.24,   2679.90,   2867.61,  -3979.71,  -2934.10,    332.24,    -97.59,   -600.27,   -348.84,    553.19,    148.70,    437.94,     16.31,      1.00
   2371.07,   3632.85,   3640.55,  -5118.36,  -3865.84,    378.34,   -169.11,   -543.55,   -358.51,    494.21,     18.91,    418.50,    -90.36,      1.00
   1982.77,   2939.79,   3041.01,  -4257.40,  -3158.00,    347.07,   -169.72,   -532.19,   -353.27,    484.60,     10.62,    410.71,    -94.55,      0.00
   2424.15,   3613.49,   3754.36,  -5281.36,  -3915.53,    435.06,   -124.32,   -649.41,   -387.96,    586.69,    139.08,    477.09,    -10.54,      1.00
   1976.71,   2956.82,   3133.46,  -4326.12,  -3237.84,    367.22,   -117.32,   -608.65,   -361.64,    553.99,    128.85,    447.96,     -8.37,      1.00
   1860.88,   2757.99,   2863.90,  -4001.89,  -2967.21,    326.78,   -165.25,   -507.70,   -336.16,    465.67,      6.51,    393.50,    -91.29,      0.00
   1708.86,   2595.96,   2769.17,  -3827.82,  -2846.76,    308.74,   -158.38,   -491.91,   -324.88,    451.08,      8.99,    380.77,    -86.30,      0.00
   2159.23,   3222.22,   3362.70,  -4669.84,  -3490.27,    386.57,   -141.76,   -625.10,   -386.33,    566.30,    104.91,    466.98,    -36.36,      0.00
   1883.93,   2830.39,   2963.89,  -4097.79,  -3078.75,    339.55,   -148.68,   -640.14,   -391.93,    578.57,    100.88,    477.31,    -41.98,      0.00
   1751.96,   2534.57,   2648.74,  -3721.79,  -2728.17,    320.26,   -197.99,   -581.78,   -391.31,    530.10,     -4.83,    452.83,   -116.99,      0.00
   2185.98,   3226.62,   3413.66,  -4740.93,  -3518.85,    407.47,   -180.92,   -550.08,   -364.59,    497.48,      0.54,    423.82,   -106.56,      0.00
   1787.19,   2646.23,   2784.94,  -3879.44,  -2875.26,    327.10,   -158.97,   -504.03,   -331.87,    461.87,     11.96,    388.73,    -86.41,      0.00
   2107.02,   3154.89,   3254.46,  -4550.50,  -3385.05,    360.48,   -155.20,   -508.01,   -334.11,    463.77,     20.00,    390.56,    -80.78,      0.00
   1405.50,   2161.36,   2348.43,  -3251.74,  -2376.55,    245.21,   -114.21,   -604.09,   -358.63,    551.01,    127.16,    443.50,     -7.92,      1.00
   2358.46,   3550.17,   3648.65,  -5078.68,  -3810.92,    401.93,    -98.74,   -541.31,   -323.13,    488.34,    129.53,    397.91,     -0.61,      1.00
   1658.33,   2413.64,   2600.66,  -3607.79,  -2657.75,    325.71,   -121.25,   -600.35,   -359.52,    546.45,    117.29,    442.97,    -16.60,      1.00
   2040.93,   3093.77,   3180.05,  -4443.74,  -3352.42,    358.90,   -159.16,   -528.54,   -346.42,    484.65,     23.76,    406.28,    -79.58,      0.00
   1854.45,   2790.94,   2899.65,  -4056.35,  -2995.04,    310.74,   -158.01,   -498.56,   -325.55,    453.91,      8.34,    382.67,    -87.98,      0.00
   2461.23,   3657.71,   3735.30,  -5257.88,  -3884.86,    407.70,   -153.73,   -650.32,   -404.82,    589.24,     99.55,    487.48,    -45.85,      1.00
   1708.70,   2620.21,   2670.00,  -3754.56,  -2816.97,    282.44,   -179.00,   -539.28,   -358.73,    494.87,      1.56,    418.96,   -101.25,      0.00
   2585.89,   3876.84,   4014.25,  -5571.36,  -4186.92,    455.88,   -122.05,   -604.46,   -361.99,    550.63,    118.04,    446.11,    -16.36,      1.00
   1990.02,   3003.04,   3137.92,  -4343.03,  -3259.35,    352.16,   -147.09,   -647.13,   -397.52,    583.74,    103.24,    481.12,    -41.36,      0.00
   2035.39,   3024.52,   3163.35,  -4388.67,  -3283.17,    370.71,   -147.58,   -467.10,   -307.16,    428.14,     12.88,    360.77,    -78.47,      1.00
   2416.70,   3624.72,   3760.39,  -5259.16,  -3937.10,    435.09,   -122.03,   -597.41,   -362.17,    534.62,    126.91,    442.06,    -18.12,      1.00
   2107.60,   3103.42,   3245.02,  -4509.57,  -3367.35,    389.51,   -174.09,   -528.00,   -350.67,    484.44,      3.33,    409.87,    -97.69,      0.00
   2623.41,   3863.96,   3968.83,  -5541.91,  -4146.67,    466.48,   -166.56,   -509.60,   -339.74,    463.37,      6.50,    394.64,    -94.20,      0.00
   2657.09,   3990.90,   4113.70,  -5696.78,  -4314.56,    472.84,   -156.58,   -491.35,   -323.50,    448.15,     13.57,    379.63,    -84.49,      0.00
   2537.28,   3813.89,   3829.42,  -5401.03,  -4057.63,    420.65,   -170.12,   -700.54,   -436.12,    641.62,     98.38,    527.52,    -51.71,      0.00
   2215.03,   3271.68,   3440.46,  -4757.33,  -3577.36,    421.93,   -117.67,   -412.63,   -267.85,    374.08,     29.38,    314.33,    -56.81,      0.00
   4777.37,   7089.37,   7204.83,  -9994.69,  -7620.71,    857.73,   -153.38,   -665.53,   -412.39,    605.96,    106.94,    498.58,    -39.91,      0.00
   2430.87,   3582.65,   3774.43,  -5254.72,  -3893.51,    448.18,   -139.20,   -634.90,   -387.32,    570.39,    111.05,    470.39,    -34.33,      1.00
   2025.56,   3058.55,   3235.64,  -4468.62,  -3342.47,    366.48,    -89.22,   -385.15,   -238.18,    345.19,     53.22,    285.05,    -31.62,      1.00
   2677.17,   4020.96,   4196.81,  -5806.93,  -4367.28,    480.92,   -106.61,   -418.60,   -264.91,    375.79,     54.48,    315.56,    -39.99,      1.00
   2514.32,   3703.82,   3889.32,  -5401.50,  -4028.71,    468.17,   -164.66,   -691.59,   -425.91,    631.59,     99.49,    518.16,    -47.58,      1.00
   2504.36,   3727.60,   3905.90,  -5407.71,  -4056.92,    460.40,   -169.17,   -682.20,   -427.29,    614.31,     98.66,    513.60,    -56.37,      1.00
   2447.73,   3641.55,   3824.82,  -5305.40,  -3960.83,    447.45,   -165.86,   -696.81,   -433.70,    629.30,    108.22,    522.73,    -49.59,      1.00
   2299.52,   3481.30,   3616.46,  -5010.54,  -3765.51,    399.49,   -146.13,   -638.23,   -392.29,    582.03,    107.77,    478.41,    -34.13,      0.00
   1636.56,   2512.92,   2555.27,  -3578.42,  -2710.17,    275.83,   -150.85,   -634.04,   -392.64,    578.67,     96.95,    476.56,    -42.11,      0.00
   2507.79,   3805.44,   3978.35,  -5494.56,  -4137.25,    443.27,   -160.78,   -514.58,   -336.26,    457.43,     19.58,    393.10,    -90.46,      1.00
   1772.11,   2675.61,   2807.06,  -3892.80,  -2908.09,    314.51,   -150.76,   -501.20,   -326.55,    461.91,     22.18,    385.29,    -74.77,      0.00
   2040.98,   3081.59,   3245.95,  -4474.04,  -3372.38,    374.87,   -117.29,   -416.33,   -269.55,    378.26,     31.59,    316.99,    -54.91,      0.00
   2131.77,   3215.06,   3301.41,  -4613.67,  -3482.72,    378.54,   -172.45,   -531.41,   -351.12,    482.77,     11.78,    411.21,    -95.51,      0.00
   1705.76,   2557.79,   2742.57,  -3798.33,  -2805.39,    313.41,   -161.28,   -665.51,   -411.04,    604.43,     92.41,    498.46,    -51.62,      0.00
   1868.65,   2778.53,   2927.25,  -4080.66,  -3011.89,    333.97,   -164.27,   -505.44,   -334.55,    463.59,      6.87,    391.69,    -90.57,      0.00
   2422.30,   3670.36,   3710.31,  -5203.42,  -3936.94,    411.43,   -155.55,   -495.39,   -324.52,    444.51,     13.61,    379.03,    -87.66,      0.00
   2386.98,   3468.07,   3653.78,  -5075.02,  -3782.81,    460.17,   -150.81,   -640.33,   -395.28,    577.10,     96.64,    477.78,    -45.99,      1.00
   1334.82,   2011.78,   2109.72,  -2949.96,  -2171.09,    228.02,   -132.65,   -441.28,   -287.51,    403.47,     20.41,    338.31,    -68.14,      0.00
   2247.09,   3380.80,   3530.38,  -4922.45,  -3647.04,    386.19,   -103.48,   -577.99,   -339.50,    525.84,    134.36,    423.17,      2.07,      1.00
   1881.24,   2789.87,   2978.47,  -4136.68,  -3051.39,    349.18,   -106.62,   -538.82,   -322.76,    483.27,    112.57,    395.96,    -13.95,      0.00
   2083.17,   3090.41,   3280.26,  -4578.94,  -3362.65,    378.68,   -136.21,   -456.95,   -294.62,    414.64,     18.35,    347.48,    -72.66,      1.00
   3314.96,   4918.03,   5089.33,  -7062.48,  -5323.64,    605.00,   -151.47,   -497.14,   -326.81,    453.34,     20.31,    381.96,    -78.88,      0.00
   1743.67,   2629.84,   2817.02,  -3906.84,  -2877.99,    313.34,   -127.95,   -579.01,   -356.11,    522.87,    104.73,    431.81,    -28.53,      1.00
   2294.18,   3397.75,   3586.80,  -4986.43,  -3697.71,    421.37,    -81.54,   -508.12,   -293.58,    458.02,    133.45,    368.25,     11.08,      1.00
   1913.92,   2918.22,   3037.65,  -4214.42,  -3197.63,    349.17,   -145.34,   -633.31,   -388.92,    570.94,    111.24,    473.79,    -36.22,      0.00
   1508.66,   2267.50,   2453.49,  -3397.60,  -2495.39,    277.91,    -98.85,   -517.21,   -308.63,    465.03,    111.03,    379.14,     -9.47,      1.00
   2674.52,   3921.32,   4066.02,  -5662.38,  -4236.30,    491.70,   -156.72,   -513.45,   -334.81,    472.19,     23.37,    395.87,    -76.89,      0.00
   2048.67,   3108.88,   3196.31,  -4468.80,  -3366.99,    358.26,   -172.94,   -535.00,   -354.93,    479.62,     15.98,    413.03,    -97.33,      0.00
   2295.61,   3386.64,   3568.40,  -4945.46,  -3694.37,    431.21,   -160.32,   -668.89,   -417.37,    606.97,     98.74,    502.19,    -49.41,      1.00
   3451.54,   5098.09,   5268.36,  -7310.75,  -5518.47,    636.11,   -144.20,   -662.57,   -403.51,    595.66,    118.88,    491.08,    -32.99,      1.00
   2098.44,   3082.01,   3158.39,  -4451.77,  -3277.95,    357.43,   -175.94,   -547.47,   -362.94,    495.08,     15.12,    423.11,    -96.76,      0.00
   2309.51,   3431.11,   3512.22,  -4954.34,  -3640.70,    379.32,   -134.98,   -661.51,   -402.19,    606.40,    129.20,    491.54,    -16.51,      0.00
   2557.79,   3796.22,   3977.95,  -5534.60,  -4120.73,    466.15,   -157.73,   -489.29,   -325.24,    444.60,      9.68,    378.28,    -87.79,      1.00
   1621.06,   2475.49,   2576.82,  -3607.55,  -2656.66,    262.95,   -176.37,   -540.43,   -357.57,    491.11,     10.36,    418.49,    -98.35,      0.00
   2010.09,   3018.25,   3105.47,  -4342.77,  -3274.37,    361.82,   -185.03,   -738.69,   -463.11,    675.33,     93.07,    556.95,    -64.65,      0.00
   2068.51,   3113.66,   3226.40,  -4520.72,  -3333.66,    342.94,   -116.56,   -542.15,   -327.19,    483.32,    101.15,    399.97,    -27.87,      1.00
   2423.08,   3558.61,   3684.32,  -5190.42,  -3802.64,    418.39,   -191.60,   -730.13,   -462.52,    661.02,     86.65,    552.93,    -73.13,      1.00
   2109.61,   3192.38,   3335.87,  -4637.38,  -3451.01,    362.54,   -142.67,   -656.29,   -401.88,    590.95,    124.66,    488.70,    -29.03,      1.00
   1634.35,   2437.19,   2584.42,  -3598.96,  -2649.80,    292.90,   -158.38,   -491.91,   -324.88,    451.08,      8.99,    380.77,    -86.30,      0.00
   2505.68,   3691.26,   3876.80,  -5384.12,  -4015.29,    466.58,   -114.34,   -625.00,   -368.05,    566.96,    145.04,    458.59,      0.47,      1.00
   2061.04,   3079.27,   3208.98,  -4477.68,  -3364.88,    383.80,   -136.77,   -617.69,   -377.67,    555.57,    104.37,    457.80,    -35.90,      1.00
   2436.69,   3701.91,   3819.25,  -5318.57,  -4025.03,    434.33,   -102.83,   -405.31,   -254.38,    366.61,     52.79,    305.65,    -37.31,      1.00
   1728.01,   2657.58,   2788.79,  -3865.11,  -2884.17,    292.85,   -109.94,   -405.17,   -260.40,    368.89,     36.83,    307.57,    -47.55,      0.00
   2469.09,   3729.88,   3897.02,  -5369.27,  -4064.43,    446.50,   -121.27,   -438.99,   -279.92,    390.88,     36.71,    330.48,    -59.14,      1.00
   1960.24,   3034.34,   3050.56,  -4313.35,  -3220.13,    297.74,   -128.13,   -434.52,   -283.68,    390.95,     26.94,    331.69,    -65.93,      0.00
   1976.66,   2909.34,   3091.02,  -4298.07,  -3180.53,    373.57,   -146.16,   -481.00,   -313.56,    433.20,     16.25,    366.31,    -81.04,      0.00
   2056.23,   3073.33,   3169.29,  -4424.09,  -3302.50,    356.39,   -156.35,   -499.83,   -327.95,    460.49,     15.43,    386.25,    -80.36,      0.00
   2326.87,   3470.05,   3544.75,  -4985.42,  -3686.92,    383.27,   -122.38,   -408.08,   -267.22,    369.53,     22.43,    312.82,    -62.16,      1.00
   2110.68,   3144.61,   3314.42,  -4582.76,  -3438.34,    394.83,   -155.76,   -484.78,   -322.01,    440.43,     10.39,    374.64,    -86.37,      0.00
   2734.51,   4051.64,   4239.14,  -5911.66,  -4387.39,    494.17,   -148.19,   -476.00,   -309.44,    433.05,     11.88,    364.49,    -80.86,      0.00
   1014.76,   1606.36,   1704.52,  -2409.84,  -1755.89,    162.55,   -168.49,   -680.46,   -424.34,    619.54,     95.56,    513.11,    -53.60,      0.00
   2625.40,   3931.26,   4066.41,  -5657.98,  -4240.48,    461.67,   -128.07,   -584.01,   -356.43,    532.80,    106.20,    436.06,    -24.79,      0.00
   1752.79,   2589.21,   2770.02,  -3829.36,  -2846.72,    336.11,   -155.76,   -645.32,   -400.70,    589.09,     95.18,    485.65,    -45.67,      0.00
   2611.50,   3820.54,   4007.99,  -5572.21,  -4153.80,    491.67,   -144.22,   -644.43,   -394.04,    572.86,    112.95,    477.34,    -40.21,      1.00
   2151.52,   3212.52,   3393.53,  -4698.50,  -3505.82,    395.05,   -123.51,   -627.63,   -375.96,    565.45,    132.04,    462.01,    -13.52,      1.00
   1662.45,   2458.87,   2650.04,  -3684.31,  -2697.67,    311.46,   -119.31,   -586.75,   -353.67,    528.48,    114.81,    432.19,    -19.99,      1.00
   2210.51,   3300.70,   3405.36,  -4753.72,  -3542.85,    380.72,   -150.52,   -473.86,   -311.99,    434.39,     11.82,    366.23,    -80.60,      0.00
   2023.64,   3033.66,   3214.52,  -4466.67,  -3307.74,    365.86,   -145.67,   -494.72,   -318.31,    452.22,     22.20,    376.77,    -73.84,      1.00
   1813.35,   2662.76,   2802.35,  -3906.39,  -2894.34,    337.63,   -165.25,   -507.70,   -336.16,    465.67,      6.51,    393.50,    -91.29,      0.00
   1979.35,   2914.91,   2983.15,  -4189.37,  -3107.20,    340.31,   -170.21,   -738.01,   -452.69,    677.89,    111.05,    552.11,    -43.17,      1.00
   1805.10,   2650.08,   2799.41,  -3904.83,  -2878.35,    332.84,   -161.50,   -529.35,   -347.94,    484.64,     20.84,    407.26,    -82.91,      0.00
   1878.88,   2876.10,   3008.97,  -4221.72,  -3131.83,    325.81,   -158.48,   -686.18,   -420.28,    619.83,    108.61,    511.25,    -45.03,      1.00
   1903.17,   2840.75,   3019.00,  -4170.19,  -3113.61,    355.41,   -156.58,   -491.35,   -323.50,    448.15,     13.57,    379.63,    -84.49,      1.00
   1621.52,   2463.87,   2528.69,  -3545.20,  -2622.61,    257.33,   -155.05,   -672.82,   -416.89,    613.27,    107.89,    504.20,    -39.91,      0.00
   1710.03,   2566.26,   2659.71,  -3707.55,  -2765.18,    296.74,   -167.22,   -512.21,   -339.39,    469.84,      5.81,    397.14,    -92.71,      0.00
   2035.50,   2998.69,   3179.82,  -4420.67,  -3275.85,    383.52,   -146.36,   -479.15,   -312.70,    431.10,     15.15,    364.99,    -81.99,      0.00
   2520.64,   3778.88,   3949.83,  -5470.71,  -4108.80,    456.70,   -117.31,   -436.11,   -277.14,    397.69,     44.17,    331.09,    -47.90,      0.00
   2258.33,   3363.97,   3547.70,  -4919.72,  -3664.91,    413.45,   -178.35,   -536.67,   -359.08,    488.39,      2.25,    416.47,   -102.75,      0.00
   2260.94,   3334.70,   3468.25,  -4822.00,  -3613.72,    416.96,   -167.18,   -518.50,   -342.02,    468.28,      5.50,    398.36,    -96.59,      0.00
   2229.10,   3341.31,   3469.93,  -4811.78,  -3619.87,    399.08,   -163.62,   -502.83,   -334.91,    457.11,      7.56,    389.19,    -92.06,      0.00
   1659.47,   2466.57,   2597.18,  -3599.65,  -2691.09,    308.38,   -174.09,   -528.00,   -350.67,    484.44,      3.33,    409.87,    -97.69,      0.00
   2356.07,   3494.44,   3674.15,  -5087.91,  -3809.06,    437.75,    -88.79,   -537.52,   -311.72,    484.31,    138.92,    390.59,      9.57,      1.00
   2218.04,   3352.01,   3516.93,  -4853.02,  -3658.51,    402.60,   -162.30,   -544.68,   -351.09,    494.35,     26.13,    415.31,    -83.28,      1.00
   1787.72,   2623.26,   2724.30,  -3816.13,  -2824.53,    321.79,   -186.19,   -563.81,   -374.60,    518.87,      2.60,    438.15,   -103.62,      0.00
   1686.71,   2506.98,   2687.66,  -3713.66,  -2757.75,    320.07,   -138.64,   -447.72,   -293.08,    410.42,     16.62,    345.07,    -71.58,      0.00
   2315.13,   3482.70,   3622.67,  -5048.95,  -3757.68,    401.01,   -168.36,   -518.43,   -342.84,    473.18,      9.32,    401.45,    -93.04,      0.00
   1691.57,   2542.41,   2720.39,  -3752.47,  -2795.07,    314.50,   -104.29,   -386.10,   -245.25,    342.68,     34.24,    289.29,    -50.99,      1.00
   1724.71,   2635.06,   2810.18,  -3870.04,  -2891.75,    309.32,   -128.95,   -435.40,   -281.44,    389.25,     23.72,    330.60,    -67.96,      1.00
   1632.22,   2444.84,   2586.64,  -3608.50,  -2655.15,    289.45,   -164.30,   -514.03,   -341.47,    466.86,      9.98,    396.48,    -92.65,      0.00
   2766.53,   4063.68,   4253.57,  -5938.23,  -4401.59,    508.51,   -108.08,   -430.70,   -268.98,    394.82,     46.35,    323.32,    -39.45,      1.00
   1224.66,   1846.29,   1991.87,  -2768.15,  -2021.44,    218.55,   -126.02,   -436.38,   -282.59,    389.98,     37.04,    332.87,    -60.06,      1.00
   2232.93,   3422.15,   3510.49,  -4880.54,  -3671.61,    366.61,   -118.05,   -411.52,   -264.13,    367.36,     28.17,    311.26,    -59.65,      0.00
   1683.56,   2508.85,   2658.27,  -3725.33,  -2717.08,    296.08,   -159.52,   -498.12,   -328.33,    454.41,     12.51,    385.08,    -86.63,      0.00
   2388.52,   3546.19,   3725.11,  -5157.19,  -3864.46,    442.85,   -110.23,   -439.97,   -275.21,    396.16,     52.62,    329.36,    -41.80,      1.00
   2349.85,   3550.38,   3674.36,  -5112.99,  -3866.81,    425.11,    -94.87,   -547.10,   -322.50,    492.37,    129.40,    398.00,      0.07,      1.00
   2080.97,   3070.07,   3251.99,  -4504.37,  -3357.46,    393.56,   -139.61,   -616.27,   -380.28,    559.70,    105.61,    461.19,    -32.68,      1.00
   2297.82,   3409.96,   3509.98,  -4908.92,  -3658.72,    401.41,   -156.21,   -495.42,   -326.18,    453.52,     11.92,    381.95,    -85.23,      0.00
   2512.19,   3696.92,   3800.34,  -5303.82,  -3970.70,    449.06,   -157.40,   -489.65,   -323.27,    448.99,      9.35,    378.96,    -85.59,      0.00
   1990.64,   2942.70,   3045.34,  -4248.20,  -3167.58,    353.99,   -148.56,   -469.35,   -308.77,    430.22,     12.53,    362.59,    -79.18,      0.00
   2609.54,   3838.41,   3936.43,  -5500.68,  -4119.75,    466.85,   -158.38,   -491.91,   -324.88,    451.08,      8.99,    380.77,    -86.30,      0.00
   2251.44,   3330.12,   3506.57,  -4866.01,  -3631.56,    420.96,   -158.38,   -491.91,   -324.88,    451.08,      8.99,    380.77,    -86.30,      0.00
   1974.25,   2985.03,   3051.69,  -4278.86,  -3175.08,    317.28,   -139.32,   -493.55,   -316.76,    451.92,     39.35,    376.90,    -61.42,      1.00
   1442.70,   2271.07,   2348.50,  -3280.93,  -2472.62,    239.20,    -92.59,   -340.77,   -216.91,    311.36,     32.71,    258.94,    -38.59,      0.00
   1942.88,   2949.89,   3126.52,  -4314.90,  -3225.93,    348.39,    -65.90,   -299.39,   -183.79,    274.21,     49.66,    223.11,    -15.68,      1.00
   1922.20,   2900.54,   3072.79,  -4231.15,  -3179.68,    353.81,   -151.90,   -641.18,   -396.52,    583.05,    101.02,    481.53,    -41.97,      1.00
   2299.23,   3398.72,   3575.84,  -4945.55,  -3711.03,    433.39,   -113.16,   -417.91,   -265.62,    373.99,     36.23,    314.10,    -53.35,      1.00
   1753.82,   2613.80,   2797.31,  -3872.50,  -2867.79,    327.26,   -163.96,   -682.79,   -423.14,    620.81,    105.27,    513.63,    -46.57,      1.00
   1718.23,   2672.41,   2719.32,  -3815.82,  -2871.25,    274.85,   -137.11,   -441.92,   -291.39,    400.81,     17.12,    340.09,    -72.84,      0.00
   1643.45,   2483.98,   2661.33,  -3668.28,  -2732.19,    302.80,   -117.59,   -550.92,   -332.89,    501.52,     96.78,    407.90,    -24.02,      0.00
   1805.82,   2696.39,   2885.33,  -4006.85,  -2949.74,    330.40,    -98.82,   -549.48,   -325.33,    501.09,    132.15,    404.39,      3.74,      1.00
   2176.26,   3271.47,   3450.66,  -4773.50,  -3567.91,    394.01,    -99.19,   -537.21,   -316.72,    483.01,    121.91,    392.53,     -5.78,      0.00
   2481.66,   3687.73,   3820.22,  -5309.83,  -3987.36,    448.08,   -153.23,   -485.82,   -321.34,    442.53,     14.42,    374.98,    -82.09,      0.00
   2550.10,   3744.18,   3923.00,  -5434.49,  -4079.45,    483.30,   -173.72,   -549.38,   -361.91,    505.69,     11.83,    424.46,    -93.05,      0.00
   1753.32,   2594.68,   2733.13,  -3806.65,  -2820.85,    321.85,   -167.01,   -520.23,   -343.91,    476.46,      8.02,    401.95,    -93.06,      0.00
   1813.07,   2780.30,   2945.29,  -4054.68,  -3047.59,    324.07,   -139.76,   -459.74,   -299.22,    417.09,     25.12,    353.20,    -70.58,      0.00
   1603.44,   2492.00,   2628.54,  -3652.44,  -2700.91,    261.52,   -110.65,   -402.77,   -258.52,    367.94,     34.27,    306.17,    -48.70,      0.00
   2051.41,   3107.19,   3217.48,  -4502.30,  -3327.18,    336.20,   -140.05,   -448.69,   -296.23,    407.06,     16.05,    345.55,    -74.98,      0.00
   2195.74,   3291.47,   3393.53,  -4731.14,  -3534.23,    376.36,   -135.83,   -602.98,   -369.74,    550.52,    103.92,    451.27,    -30.01,      1.00
   2034.23,   3012.13,   3148.00,  -4379.78,  -3267.09,    371.99,   -144.30,   -475.08,   -309.96,    432.88,     21.69,    364.61,    -74.88,      0.00
   2685.50,   4065.18,   4104.18,  -5750.63,  -4357.16,    456.19,   -151.17,   -481.42,   -317.63,    432.50,     19.90,    370.53,    -82.04,      1.00
   2033.15,   3063.03,   3127.98,  -4400.51,  -3253.74,    327.55,   -165.37,   -518.28,   -341.61,    477.17,     11.14,    401.29,    -87.72,      0.00
   1899.12,   2805.83,   2950.37,  -4104.46,  -3046.89,    347.83,   -164.27,   -505.44,   -334.55,    463.59,      6.87,    391.69,    -90.57,      0.00
   1347.80,   2048.31,   2235.74,  -3096.28,  -2258.91,    243.25,   -117.54,   -457.76,   -287.97,    415.78,     48.13,    344.07,    -45.98,      1.00
   2665.41,   3891.94,   4077.88,  -5666.76,  -4232.08,    504.69,   -116.32,   -551.44,   -332.56,    502.57,     98.79,    408.07,    -21.89,      1.00
   1672.85,   2552.64,   2680.22,  -3733.71,  -2801.90,    303.78,   -147.36,   -653.45,   -398.87,    594.40,    104.76,    486.27,    -37.96,      1.00
   1795.00,   2766.27,   2851.78,  -3982.85,  -3001.05,    305.92,   -127.27,   -577.27,   -353.15,    528.11,    101.63,    431.32,    -25.76,      1.00
   1881.37,   2732.60,   2928.39,  -4084.38,  -2989.58,    360.95,   -175.40,   -690.44,   -432.93,    630.80,     88.11,    522.02,    -59.91,      0.00
   1509.69,   2224.57,   2375.00,  -3314.70,  -2423.57,    277.30,   -145.61,   -462.58,   -303.93,    423.97,     13.59,    357.14,    -77.04,      0.00
   1703.01,   2563.04,   2749.51,  -3811.34,  -2808.35,    308.83,   -132.46,   -623.52,   -377.81,    562.77,    117.04,    461.96,    -24.47,      1.00
   1885.78,   2832.61,   3023.83,  -4204.35,  -3090.49,    337.12,   -132.45,   -577.13,   -357.24,    527.33,     94.66,    433.10,    -31.08,      0.00
   2626.20,   3847.24,   4033.64,  -5605.55,  -4182.70,    493.53,   -113.53,   -592.07,   -351.16,    534.36,    128.96,    434.73,     -9.19,      1.00
   1169.97,   1856.42,   2025.39,  -2778.97,  -2058.34,    201.20,   -118.35,   -426.75,   -273.37,    393.09,     33.86,    325.28,    -51.28,      0.00
   1718.31,   2605.39,   2673.81,  -3755.54,  -2769.76,    271.84,   -158.92,   -509.48,   -333.58,    464.02,     20.80,    392.88,    -82.45,      1.00
   1925.97,   2898.96,   2977.63,  -4202.05,  -3073.43,    304.07,   -149.42,   -645.00,   -400.07,    585.08,    103.18,    482.86,    -41.10,      0.00
   2322.56,   3494.22,   3632.34,  -5058.40,  -3771.69,    403.57,   -148.85,   -480.97,   -317.10,    433.69,     18.96,    369.22,    -81.35,      0.00
   1861.84,   2727.19,   2872.30,  -4016.20,  -2958.26,    343.98,   -146.39,   -472.86,   -310.07,    432.67,     15.46,    363.76,    -78.11,      0.00
   1959.43,   2925.19,   3038.89,  -4262.13,  -3135.18,    331.44,   -161.82,   -502.27,   -333.52,    454.19,     12.14,    388.04,    -90.26,      1.00
   1614.58,   2439.04,   2615.92,  -3622.60,  -2678.15,    294.81,   -125.20,   -431.04,   -278.78,    395.15,     26.21,    329.56,    -60.30,      0.00
   2801.28,   4166.72,   4338.65,  -5997.66,  -4530.10,    516.85,   -133.82,   -648.85,   -389.88,    591.53,    123.94,    480.20,    -19.53,      1.00
   2132.25,   3148.55,   3294.66,  -4588.25,  -3410.04,    387.71,   -174.09,   -528.00,   -350.67,    484.44,      3.33,    409.87,    -97.69,      0.00
   1687.66,   2535.28,   2711.97,  -3756.59,  -2781.94,    311.21,   -122.67,   -611.21,   -366.46,    552.81,    123.00,    450.50,    -16.48,      1.00
   1634.64,   2393.15,   2503.37,  -3509.29,  -2578.23,    293.29,   -169.18,   -516.72,   -342.61,    474.01,      5.10,    400.78,    -94.13,      0.00
   1672.25,   2512.25,   2701.66,  -3751.17,  -2752.03,    302.82,   -156.90,   -651.54,   -404.15,    592.43,     98.70,    489.96,    -46.00,      1.00
   2654.66,   3954.41,   4128.15,  -5707.74,  -4302.08,    488.64,   -132.81,   -630.29,   -383.79,    573.67,    121.26,    469.00,    -21.33,      1.00
   1862.26,   2827.36,   2959.76,  -4152.91,  -3083.00,    330.55,   -139.58,   -622.39,   -381.13,    561.18,    103.90,    462.65,    -35.66,      1.00
   1840.32,   2777.99,   2881.78,  -4020.50,  -2985.19,    309.68,   -137.50,   -616.44,   -377.92,    562.35,    105.99,    460.39,    -31.31,      0.00
   1854.61,   2787.29,   2893.33,  -4041.91,  -2994.15,    313.99,   -159.04,   -651.73,   -407.50,    590.96,     94.46,    490.43,    -50.01,      0.00
   2014.03,   3026.59,   3128.37,  -4360.49,  -3252.39,    343.87,   -161.90,   -516.97,   -340.38,    472.65,     12.01,    397.67,    -89.85,      0.00
   1755.69,   2661.21,   2811.13,  -3919.50,  -2880.70,    298.48,   -144.32,   -635.57,   -392.87,    576.74,    106.06,    475.09,    -36.59,      1.00
   2900.52,   4310.42,   4405.22,  -6146.27,  -4620.43,    507.30,   -160.18,   -509.78,   -334.83,    469.88,     14.57,    394.19,    -82.73,      0.00
   1393.01,   2062.54,   2248.25,  -3111.87,  -2281.28,    268.25,   -132.83,   -609.32,   -370.35,    557.18,    100.17,    452.25,    -30.30,      1.00
   1526.92,   2314.79,   2501.51,  -3465.49,  -2542.81,    274.41,   -137.49,   -662.70,   -399.87,    600.57,    130.05,    491.11,    -19.09,      1.00
   1603.53,   2446.73,   2620.14,  -3620.13,  -2687.16,    288.34,   -129.33,   -441.16,   -283.34,    400.05,     20.83,    334.75,    -67.68,      1.00
   1321.44,   1962.49,   2071.77,  -2904.00,  -2117.71,    229.86,   -177.04,   -534.77,   -355.50,    490.70,      2.27,    415.32,    -99.83,      0.00
   1436.57,   2208.67,   2348.01,  -3295.49,  -2424.09,    252.07,    -87.66,   -475.01,   -284.16,    424.83,    114.06,    348.80,     -3.38,      1.00
   2001.15,   2989.42,   3168.29,  -4398.26,  -3263.79,    366.80,   -115.72,   -571.61,   -342.28,    517.21,    112.02,    420.95,    -18.27,      1.00
   2248.27,   3340.19,   3401.68,  -4757.70,  -3563.11,    383.89,   -124.95,   -596.77,   -361.98,    545.70,    114.66,    443.87,    -18.96,      1.00
   1559.20,   2436.64,   2565.83,  -3575.80,  -2671.45,    267.15,   -133.97,   -649.86,   -392.75,    594.13,    130.67,    483.44,    -15.57,      1.00
   1048.13,   1603.54,   1790.69,  -2474.85,  -1786.35,    191.92,   -108.05,   -569.03,   -337.10,    514.32,    123.90,    417.35,     -8.15,      1.00
   1980.40,   2982.34,   3080.18,  -4303.10,  -3201.67,    335.41,   -170.45,   -530.60,   -352.55,    479.57,     11.17,    409.22,    -97.02,      1.00
   1476.84,   2155.41,   2309.94,  -3233.50,  -2348.21,    274.63,   -168.20,   -514.47,   -341.00,    471.93,      5.45,    398.96,    -93.42,      0.00
